;Year;Month;region;Period;Temperature_C;Rain_mm;Sunshine_h;Humidity;Congestion;InternetStability;PowerGridStability;ParkingSpaceAvailability;RoadCondition;PoliticalStability;AvgHealth;Criminality;AirPollution;WaterQuality;leisureAndSocialInteractions;SkilledLaborAvailability;UnskilledLaborAvailability;WorkerMotivation;Overtime;Inflation;BusinessConfidence;FuelPrice
1;2016;1;Shangh;2014/1;10,438;99,658;137,666;82,665;64,96;325;1,54;0,018157465;6,71;2,35;76,76;35,68;63,24;0,83;6,42;55,35;54,3;7,55;0,358;0,00112392;101,3043;2,382
2;2016;1;Peking;2014/1;-0,198;72,585;24,191;78,936;32,09;1698;1,6;0,053273871;3,61;1,8;81,56;16,54;13,02;0,92;6,93;55;74,54;6,44;0,081;-0,0008394;99,1299;2,345
3;2016;1;Japan;2014/1;-1,985;41,77;51,336;78,88;52,26;1704;0,22;0,029318129;6,8;1,91;80,51;30,14;229,12;0,96;6,17;21,8;37,53;6,52;0,061;0,00114033;101,1578;2,227
4;2016;1;Skorea;2014/1;-1,084;36,743;40,079;82,939;42,38;70;2,14;0,032504353;2,35;5,72;52,57;50,99;55,81;0,76;7,12;76,1;53,45;6,21;0;0,01322682;101,9813;2,309
5;2016;1;Phlppn;2014/1;10,778;89,16;163,047;78,247;76,03;667;2,73;0,020799716;3,14;2,1;80,87;17,46;68,2;0,82;7,33;36,61;48,13;6,83;0;0,00070101;100,4534;2,216
6;2016;2;Shangh;2014/2;9,442;84,732;145,913;86,576;65,63;277;1,41;0,018454259;6,17;2,29;78,21;36,26;67,27;0,9;6,56;55,15;53,82;7,57;0,103;0,00114563;101,3602;2,363
7;2016;2;Peking;2014/2;-0,262;52,209;67,02;80,463;27,42;1971;1,61;0,054732012;3,36;1,88;81,06;15,29;12,85;0,9;7,1;55,77;74,55;5,73;0;-0,00083274;99,2897;2,367
8;2016;2;Japan;2014/2;6,061;38,109;70,467;80,03;47,29;1396;0,24;0,028975764;5,77;2,08;80,79;29,15;235,15;0,85;6,26;21,18;38,45;6,66;0,064;0,00113539;101,0948;2,06
9;2016;2;Skorea;2014/2;-1,844;39,353;61,726;81,328;66,39;58;2,92;0,036203794;2,55;5,84;50,81;51,27;58,66;0,78;7,46;77,18;54,27;6,42;0,06;0,0131344;101,8269;2,249
10;2016;2;Phlppn;2014/2;13,123;64,254;189,037;76,877;65,04;779;2,52;0,022127816;3,73;2,09;79,53;16,95;70,35;0,71;5,94;37;48,73;7,13;0,15;0,00071716;100,4601;2,295
11;2016;3;Shangh;2014/3;12,692;53,299;208,95;76,737;64,44;302;1,45;0,0171342;5,66;2,37;77,14;36,13;63,22;0,87;6,24;56,09;54,05;7,41;0,063;0,00113332;101,2386;2,232
12;2016;3;Peking;2014/3;1,25;45,301;114,799;74,767;33,18;1737;2,12;0,055520239;3,53;1,96;81,99;16,25;15,58;0,92;7,51;55,49;73,67;5,7;0,192;-0,00090319;99,2221;2,275
13;2016;3;Japan;2014/3;4,486;43,851;106,395;72,43;44,81;1888;0,24;0,02777135;5,22;2,06;81,84;28,92;250,6;0,93;6,1;23,39;39,77;6,45;0,116;0,00120135;101,0098;2,132
14;2016;3;Skorea;2014/3;5,379;42,71;100,045;81,926;41,59;65;3,06;0,034641929;2,33;5,75;50,77;50,77;60,9;0,72;7,34;78,09;54,39;6,43;0;0,01316698;101,8899;2,394
15;2016;3;Phlppn;2014/3;13,901;45,195;186,195;74,742;60,7;701;2;0,023435325;3,24;2,01;80,18;15,84;68,8;0,73;6,1;36,63;49,27;6,94;0;0,00077113;100,657;2,384
16;2016;4;Shangh;2014/4;18,428;67,584;247,073;71,626;51,78;322;1,43;0,016742224;5,81;2,55;76,87;36,43;66,02;0,87;6,72;55,55;54,69;7,22;0,259;0,00105578;101,4422;2,153
17;2016;4;Peking;2014/4;5,17;45,037;168,833;78,329;25,69;2003;2,01;0,048834145;3,98;1,57;83,11;18,23;12,91;0,98;7,78;55,94;74,28;5,76;0;-0,00093768;99,2919;2,307
18;2016;4;Japan;2014/4;10,126;41,362;166,781;66,336;46,06;1615;0,23;0,031132533;6,7;2,08;80,8;30,68;219,48;0,81;5,7;22,82;40,41;6,06;0;0,00119731;100,8876;2,253
19;2016;4;Skorea;2014/4;11,041;55,184;163,762;73,821;48,61;64;2,62;0,034445313;2,21;5,82;50,77;50,06;59,7;0,72;6,46;80,19;53,4;6,78;0,121;0,01314636;101,6925;2,372
20;2016;4;Phlppn;2014/4;16,255;25,06;231,863;80,289;67,22;691;3,1;0,020807671;3,03;2;80,21;16,28;57,5;0,73;6,99;38,53;49,58;7,05;0,028;0,0007715;100,5685;2,13
21;2016;5;Shangh;2014/5;17,268;59,549;282,581;61,948;59,92;314;1,31;0,016020407;6,8;2,5;77,75;38,42;56,89;0,74;6,3;55,35;52,77;6,77;0,341;0,00102516;101,4035;2,073
22;2016;5;Peking;2014/5;7,58;41,579;226,289;69,702;28;1986;1,51;0,055315992;3,35;1,4;83,25;18,68;13,92;0,96;6,7;56,69;73,61;5,66;0;-0,00095573;99,4028;2,23
23;2016;5;Japan;2014/5;13,795;52,922;231,01;57,966;44,32;1622;0,18;0,032165569;5,92;2,17;80,84;29,16;203,85;0,96;7,12;23,07;41,37;6,19;0,106;0,00120012;101,052;2,067
24;2016;5;Skorea;2014/5;15,932;47,094;233,655;63,572;46,4;68;3,39;0,034226039;2,16;5,99;50,78;48,81;55,17;0,83;6,32;81,25;54,56;6,2;0,092;0,01316209;101,597;2,291
25;2016;5;Phlppn;2014/5;24,072;7,335;293,958;75,998;73,68;630;2,33;0,021812657;2,83;2,02;79,88;16,32;68,74;0,68;7,29;37,18;48,7;7,3;0,117;0,00087958;100,5526;2,173
26;2016;6;Shangh;2014/6;22,711;17,369;274,775;58,458;67,78;317;1,54;0,017741866;5,27;2,47;77,47;37,62;65,77;0,97;6,32;54,31;53,26;6,79;0,195;0,00103932;101,325;2,045
27;2016;6;Peking;2014/6;12,271;70,233;187,61;78,625;32,54;1780;1,59;0,050697065;3,14;1,25;83,4;17,23;14;0,98;6,2;56,44;73,69;5,53;0,029;-0,00095605;99,393;2,127
28;2016;6;Japan;2014/6;13,597;62,17;204,179;60,466;56,09;1884;0,24;0,031114647;5,89;1,8;81,7;29,59;217,76;0,98;6,65;21,83;42,03;6,01;0,119;0,00121316;101,0381;2,029
29;2016;6;Skorea;2014/6;18,575;72,734;252,487;63,358;66,41;69;2,62;0,033397419;2,1;5,86;50,82;49,3;56,99;0,82;6,54;81,27;54,04;6,64;0;0,013216;101,4584;2,251
30;2016;6;Phlppn;2014/6;23,486;2,318;318,004;75,826;71,03;861;2,15;0,023684078;3,83;1,84;80,79;17,83;74,25;0,69;7,09;38,41;49,37;7,15;0,162;0,00083695;100,5473;2,129
31;2016;7;Shangh;2014/7;22,528;4,826;360,384;48,299;56,74;355;1,44;0,017025478;6,12;2,31;76,91;37,78;63,22;0,86;6,67;53,56;53,1;6,86;0,067;0,00102763;101,3524;1,985
32;2016;7;Peking;2014/7;13,014;101,401;197,308;83,91;27,02;2297;1,57;0,051020397;2,95;1,25;83,29;17,81;13,88;0,98;7,25;56,27;74,32;6,15;0,29;-0,00092577;99,6242;2,35
33;2016;7;Japan;2014/7;20,149;63,21;217,064;55,61;48,72;1944;0,24;0,032243113;6,23;1,6;81,51;29,33;205,6;0,88;7,11;21,27;43;6,25;0,058;0,00124027;100,9301;2,129
34;2016;7;Skorea;2014/7;18,733;69,952;298,236;67,688;49,99;74;3,11;0,030537248;2,24;6,25;51,23;49,5;55,29;0,76;6,33;81,88;53,64;7,17;0,103;0,01320355;101,4714;1,976
35;2016;7;Phlppn;2014/7;26,639;0;377,506;67,358;61,76;667;3,12;0,023707651;2,59;1,47;82,41;18,71;56,83;0,73;6,89;39,23;48,85;6,67;0,026;0,0008908;100,6067;2,221
36;2016;8;Shangh;2014/8;22,983;5,635;371,276;57,367;63,74;316;1,32;0,016701212;6,8;2,7;77,14;38,17;65,75;0,95;5,93;54,54;53,55;6,5;0,019;0,00107099;101,2637;1,952
37;2016;8;Peking;2014/8;16,193;84,722;156,369;85,605;22,2;2134;1,52;0,054823751;3,27;1,25;83,96;17,26;15,02;0,94;7,22;56,42;75,86;6,25;0;-0,00097486;99,7488;2,276
38;2016;8;Japan;2014/8;19,692;54,835;203,38;55,626;55,46;1497;0,26;0,032955715;6,21;1,66;81,99;29,83;233,79;0,98;7,21;22,11;44,2;6,62;0,193;0,00129397;100,868;2,085
39;2016;8;Skorea;2014/8;18,453;58,602;230,072;68,191;49,07;73;2,29;0,034818837;2,1;5,94;51,91;47,79;59,97;0,73;7,49;82,19;55,9;6,88;0,075;0,01320164;101,6284;1,926
40;2016;8;Phlppn;2014/8;26,155;6,211;370,482;80,422;75,14;759;2,27;0,022307583;3,33;1,25;82,83;17,6;65,81;0,66;6,48;40,41;48,33;6,77;0,094;0,00091218;100,5398;2,081
41;2016;9;Shangh;2014/9;24,251;29,172;244,269;53,72;56,42;268;1,57;0,018607967;6,8;2,54;74,42;37,82;65,79;0,85;6,44;53,5;52,99;7,01;0,262;0,00097471;101,3066;1,997
42;2016;9;Peking;2014/9;9,871;73,342;121,401;88,312;26,19;1947;1,31;0,053081761;3,28;1,28;85,21;18,33;12,79;0,98;6,76;54,09;76,8;6,98;0,128;-0,00103739;99,7329;2,18
43;2016;9;Japan;2014/9;11,722;46,449;164,376;61,662;38,78;1786;0,27;0,030996466;6,36;1,53;80,84;28,56;234,59;0,96;6,01;21,33;44,98;6,93;0,197;0,00132672;100,865;2,115
44;2016;9;Skorea;2014/9;13,127;59,643;196,91;82,291;35,3;61;2,92;0,033827056;2,1;5,82;52,55;45,84;60,79;0,79;6,79;80,46;56,23;6,79;0,014;0,0131608;101,7259;1,994
45;2016;9;Phlppn;2014/9;30,868;44,033;270,087;82,762;70,65;713;2,77;0,023389658;2,34;1,34;82,57;16,92;78,47;0,76;6,92;40,67;48,51;6,42;0;0,00086068;100,4212;2,052
46;2016;10;Shangh;2014/10;20,21;87,184;226,276;60,005;58,27;285;1,07;0,018008104;6,08;2,4;75,39;38,28;61,13;0,84;7;52,95;53,31;7,49;0,135;0,00095588;101,4859;1,987
47;2016;10;Peking;2014/10;4,944;79,556;62,531;84,946;21,08;2026;1,27;0,053374498;4,13;1,56;84,99;17,41;12,46;0,98;7,09;55,26;75,77;7,05;0,108;-0,00106123;99,8281;2,102
48;2016;10;Japan;2014/10;7,002;39,064;102,496;72,547;39,8;1547;0,22;0,030303417;6,39;1,48;81,36;30,19;218,43;0,98;6,42;21,02;45,74;6,93;0,224;0,00138623;100,8375;2,105
49;2016;10;Skorea;2014/10;10,1;39,181;105,88;78,927;53,99;80;2,93;0,034590057;2,11;5,97;51,64;43,38;54,97;0,8;6,46;82,02;57,52;6,51;0;0,01312697;101,7388;2,019
50;2016;10;Phlppn;2014/10;22,792;91,873;235,184;83,86;68,21;662;1,77;0,021584283;2,95;1,27;81,28;17,51;75,47;0,73;6,85;41,18;47,7;6,51;0,157;0,0008679;100,5632;2,049
51;2016;11;Shangh;2014/11;14,498;100,672;154,38;70,266;59,42;321;1,75;0,015229302;5,79;2,66;76,74;36,68;64,73;0,89;6,7;53,85;55,16;7,67;0,188;0,00095874;101,3789;1,96
52;2016;11;Peking;2014/11;1,443;73,402;30,043;87,458;17,49;1804;1,76;0,053225999;3,28;1,25;86,31;16,76;13,87;0,93;6,44;56,31;75,6;7,05;0,232;-0,00106408;99,8638;1,868
53;2016;11;Japan;2014/11;0,554;39,871;54,168;85,19;39,91;1812;0,24;0,031983829;6,54;1,83;80,09;30,38;217,06;0,98;5,56;20,9;46,97;6,97;0,136;0,00137219;100,7572;1,918
54;2016;11;Skorea;2014/11;-2,024;51,685;46,663;89,566;46,49;54;2,92;0,036474851;2,1;6,08;52,65;44,2;57,07;0,8;6,61;83,32;57;6,22;0,036;0,01313039;101,7418;2,08
55;2016;11;Phlppn;2014/11;16,758;84,924;187,696;73,254;70,25;591;2,75;0,022938436;2,88;1,25;79,62;17,77;59,93;0,63;6,49;40,02;48,68;6,71;0,024;0,00081151;100,5749;1,904
56;2016;12;Shangh;2014/12;13,733;101,898;139,153;77,982;69,67;237;1,4;0,015717984;6,8;2,67;73,65;36,74;64,48;0,91;6,94;54,24;54,85;7,5;0,015;0,00095925;101,4566;1,917
57;2016;12;Peking;2014/12;1,796;79,006;9,202;78,142;26,78;2102;1,84;0,052957928;4,02;1,28;86,55;18,58;12,71;0,9;6,69;56,66;74,54;7,53;0,029;-0,00111418;99,8129;1,953
58;2016;12;Japan;2014/12;-0,086;51,359;33,084;87,999;45,75;1599;0,26;0,032961394;6,8;1,61;80,83;29,72;202,45;0,98;6,47;20,42;46,63;7,55;0,158;0,00138132;100,8049;2,054
59;2016;12;Skorea;2014/12;-4,93;46,808;32,403;83,143;40,87;66;3,49;0,03477552;2,24;6,09;51,6;44,41;60,01;0,7;6,63;85,22;58,45;6,28;0,244;0,01310493;101,7719;2,158
60;2016;12;Phlppn;2014/12;13,61;109,568;153,567;73,969;76,98;716;2,79;0,022632534;3,45;1,25;77,4;17,97;64,78;0,71;5,91;39,04;50,53;6,61;0;0,00087538;100,5713;1,979
61;2017;1;Shangh;2015/1;11,19;105,919;136,273;74,179;59,83;344;1,49;0,016906597;6,37;2,37;72,48;36,43;71,98;0,98;6,05;55,7;54,44;7,01;0,049;0,00092704;101,4034;1,929
62;2017;1;Peking;2015/1;-1,553;71,292;20,815;78,809;25,83;2218;1,51;0,055838539;3,9;1,6;84,76;17,98;13,04;0,93;6,63;57,21;75,44;7,58;0,252;-0,00118878;99,8539;2,049
63;2017;1;Japan;2015/1;1,727;42,817;46,998;89,061;39,62;1912;0,26;0,029378555;5,53;1,53;81,9;29,7;226,16;0,87;6,67;21,11;46,9;7,71;0,282;0,00138369;100,8362;1,91
64;2017;1;Skorea;2015/1;-2,359;39,324;45,501;86,817;55,29;60;2,76;0,033298343;2,15;5,95;51,63;44,31;55,05;0,81;7,02;83,77;57,77;6,13;0;0,01303697;101,7594;2,144
65;2017;1;Phlppn;2015/1;16,92;77,518;164,774;83,924;59,46;591;2,7;0,021826548;3,14;1,25;78,39;19,28;66,41;0,65;6,87;39,64;50,1;6,69;0,109;0,00087781;100,5092;1,93
66;2017;2;Shangh;2015/2;10,998;81,85;154,235;68,692;61,16;272;1,33;0,017143309;6,08;2,66;73,42;37,16;72,86;0,84;7,1;55,41;54,07;6,96;0,15;0,00095378;101,6469;1,86
67;2017;2;Peking;2015/2;-1,245;55,311;64,034;75,112;33,64;2106;1,51;0,053941137;3,96;1,81;85,27;15,98;12,77;0,98;7,1;56,02;73,01;7,97;0;-0,0011308;99,9931;2,011
68;2017;2;Japan;2015/2;-1,277;34,058;72,077;84,243;52,89;1498;0,22;0,030831399;6,8;1,54;81,93;28,35;215,62;0,96;6,52;19,84;46,94;7,77;0,296;0,00133973;101,0404;2,068
69;2017;2;Skorea;2015/2;-4,899;37,699;63,572;87,287;54,08;72;3,4;0,035746157;2,62;5,87;50,33;44,57;55,92;0,73;6,74;85,13;57,98;5,9;0,044;0,01300852;101,8234;1,817
70;2017;2;Phlppn;2015/2;11,474;62,666;189,409;72,606;73,58;730;2,24;0,021200571;3,38;1,29;77,97;20,85;68,69;0,69;7,14;38,62;49,31;6,64;0,048;0,00081524;100,336;2,058
71;2017;3;Shangh;2015/3;13,792;53,821;185,269;69,258;65,04;281;1,2;0,01646305;6,41;2,43;73,76;38,3;63,76;0,82;6,11;56,44;54,47;6,84;0,281;0,00095043;101,6587;2,097
72;2017;3;Peking;2015/3;3,099;42,01;112,981;79,104;24,43;2097;1,44;0,055071568;3,55;1,72;86,8;17,27;14,45;0,95;7,41;56,76;72,66;7,67;0;-0,00113694;99,9144;1,986
73;2017;3;Japan;2015/3;6,681;33,067;127,347;66,666;43,32;2040;0,23;0,030929893;6,54;1,35;80,5;28,16;231,59;0,81;6,46;19,75;47,63;7,62;0,025;0,00148555;101,0343;1,944
74;2017;3;Skorea;2015/3;0,63;29,814;128,516;72,112;42,93;61;3,8;0,031511445;2,28;5,95;51,12;45,17;53,8;0,7;6,86;84;59,2;6,26;0;0,01307408;101,8339;1,838
75;2017;3;Phlppn;2015/3;9,553;45,483;206,051;78,97;65,61;587;2,17;0,023548952;2,49;1,35;78,98;20,59;66,5;0,68;6,83;39,27;49,94;6,06;0,072;0,00079032;100,4758;1,946
76;2017;4;Shangh;2015/4;19,889;63,735;259,5;75,655;60,35;328;1,4;0,016368923;5,16;2,4;75,18;40,08;64,63;0,84;6,14;56,03;55,48;6,83;0,316;0,00104805;101,8404;1,961
77;2017;4;Peking;2015/4;8,473;41,082;166,898;76,067;31,55;2272;1,77;0,052992157;3,72;1,95;86,34;18,56;13,41;0,98;7,16;57,36;73,22;7,31;0;-0,00107197;100,0026;1,938
78;2017;4;Japan;2015/4;14,777;41,759;141,96;61,037;44,25;1620;0,22;0,031185076;6,74;1,6;80,2;30,84;223,28;0,98;5,41;19,28;48;7,82;0;0,00155552;100,9637;1,961
79;2017;4;Skorea;2015/4;9,299;50,226;165,09;69,534;49,28;65;2,64;0,03308469;2,23;6,26;51,2;46,08;53,13;0,72;7,09;85,95;59,65;6,28;0,313;0,01302653;101,7761;1,923
80;2017;4;Phlppn;2015/4;17,086;22,406;235,824;74,555;59,91;625;3,43;0,02249143;3,15;1,25;79,25;21,04;66,37;0,67;5,92;40,39;50,64;5,94;0,009;0,00084872;100,4887;2,009
81;2017;5;Shangh;2015/5;17,961;49,945;282,185;65,143;59,16;321;1,28;0,017432873;6,2;2,42;75,33;40,91;65,25;0,98;5,76;56,73;55,79;7,13;0,031;0,0010672;101,8458;1,678
82;2017;5;Peking;2015/5;8,179;62,578;207,745;70,42;33,6;1854;1,87;0,058428491;3,74;1,72;86,37;18,14;13,33;0,98;7,27;57,16;73,92;7,39;0,105;-0,00098926;100,0446;1,752
83;2017;5;Japan;2015/5;12,138;47,577;223,911;59,269;53,24;1610;0,22;0,030774111;6,47;1,63;80,34;30,45;208,15;0,88;6,78;17,8;47,75;8,02;0,284;0,00158731;100,8293;1,832
84;2017;5;Skorea;2015/5;19,165;59,432;278,74;63,675;45,03;65;3,17;0,036069528;2,39;6,36;50,73;45,12;54,02;0,73;7,35;83,24;58,63;5,85;0;0,01291008;101,661;1,86
85;2017;5;Phlppn;2015/5;18,603;6,761;298,921;74,599;64,05;633;2,2;0,023963323;2,92;1,25;78,27;21,94;66,83;0,61;7,39;40,64;51,05;6,3;0,192;0,00081521;100,4032;2,158
86;2017;6;Shangh;2015/6;22,224;16,558;315,485;52,465;64,27;357;1,2;0,018179174;6,72;2,36;76,6;42,6;64,68;0,82;6,46;58,21;54,35;7,2;0,203;0,00108482;101,6711;1,625
87;2017;6;Peking;2015/6;16,299;71,957;209,993;74,303;30,58;2445;1,42;0,05104157;4,07;1,98;87,12;18,24;11,97;0,98;7,22;56,52;72,96;6,42;0,058;-0,00108836;99,9917;1,739
88;2017;6;Japan;2015/6;16,193;64,869;210,596;55,461;48,63;1434;0,26;0,032226626;5,88;1,46;81,31;31,47;197,84;0,91;6,68;18,12;47,86;8,43;0,091;0,00159712;100,8383;1,943
89;2017;6;Skorea;2015/6;13,314;90,405;254,589;62,647;57,77;66;2,45;0,032677682;2,47;6,61;50,53;44,7;60,99;0,79;7,05;83,8;57,08;5,82;0;0,01288224;101,7197;1,867
90;2017;6;Phlppn;2015/6;19,34;3,032;325,244;71,593;73,01;601;2,75;0,023327175;2,84;1,3;78,74;22,97;62,87;0,68;5,94;42,69;51,17;6,81;0;0,00079407;100,3854;1,999
91;2017;7;Shangh;2015/7;24,142;3,587;359,701;52,945;58,85;301;1,46;0,017912284;6,33;2,22;77,54;43,35;68,46;0,97;6,14;58,28;53,24;7,43;0,278;0,00108996;101,8232;1,618
92;2017;7;Peking;2015/7;15,806;94,139;179,674;80,733;23,6;1787;1,29;0,05488169;3,81;2,01;87,01;16,75;12,03;0,87;7,23;57,02;71,79;5,94;0,196;-0,00111454;100,135;1,725
93;2017;7;Japan;2015/7;21,063;59,99;204,989;60,122;47,35;1565;0,24;0,030325039;5,99;1,25;79,89;31,88;220,53;0,97;6,41;17,61;46,08;8,84;0,027;0,00165838;100,906;1,976
94;2017;7;Skorea;2015/7;20,787;63,601;283,75;65,549;48,21;53;3,15;0,029973102;2,57;6,46;50,65;46,32;48,98;0,74;6,43;83,91;57,42;5,5;0,019;0,01298722;101,5716;1,893
95;2017;7;Phlppn;2015/7;31,104;0;355,341;64,295;81,01;732;2,41;0,022624875;2,78;1,25;78,63;22,88;66,48;0,67;6,65;42,15;52,24;6,56;0,057;0,00075448;100,5652;2,036
96;2017;8;Shangh;2015/8;23,605;6,453;383,963;49,48;62,3;287;1,29;0,015936902;6,79;2,02;77,41;44,84;68,17;0,91;6,47;59,71;52,23;7,39;0,007;0,00111392;101,8087;1,725
97;2017;8;Peking;2015/8;13,965;84,649;180,847;75,171;25,57;1788;1,77;0,05225576;3,94;1,84;86,99;16,8;14,19;0,98;7,02;55,61;72,45;5,9;0;-0,00121619;100,1053;1,6
98;2017;8;Japan;2015/8;18,371;64,941;191,3;62,216;48,64;1547;0,21;0,029413582;6,8;1,36;78,58;31,2;236,29;0,91;6,32;19,44;44,49;8,91;0,153;0,00169368;100,9299;1,803
99;2017;8;Skorea;2015/8;18,486;60,143;227,449;68,267;58,48;64;2,35;0,034683059;2,39;6,22;52,37;46,55;53,1;0,76;7,49;83,64;55,91;4,93;0,081;0,0129828;101,606;1,793
100;2017;8;Phlppn;2015/8;25,293;6,955;332,497;68,015;55,97;792;2,76;0,021844095;3,19;1,25;79,84;23,11;64,48;0,72;5,44;40,91;53,1;6,58;0,097;0,0008059;100,5447;1,812
101;2017;9;Shangh;2015/9;22,273;32,395;261,988;55,881;54,12;330;1,41;0,017509626;6,8;2,19;77,3;45,02;62,39;0,81;6,56;60,94;52,88;7,16;0,146;0,00112645;101,7558;1,613
102;2017;9;Peking;2015/9;7,639;123,818;107,936;78,632;28,47;1962;1,55;0,05387074;3,43;2,15;87,19;16,68;13,3;0,98;6,35;53,64;72,55;6,2;0,021;-0,00125381;100,0237;1,694
103;2017;9;Japan;2015/9;16,24;42,225;140,297;64,347;46,72;1790;0,21;0,029695465;6,28;1,42;77,83;31,42;213,87;0,98;6,37;19,48;47,23;9,06;0,012;0,00174331;100,7766;1,733
104;2017;9;Skorea;2015/9;9,554;59,497;189,123;75,735;53,98;63;2,67;0,030918147;2,34;6,49;50,54;48,15;64,13;0,76;7,19;84,47;55,64;4,71;0;0,01296377;101,6341;1,91
105;2017;9;Phlppn;2015/9;22,393;35,27;297,448;82,286;75,46;634;2,59;0,024648894;3,02;1,26;80,62;23,13;61,02;0,72;6,82;40,65;54,52;6,64;0,159;0,00081609;100,6618;1,64
106;2017;10;Shangh;2015/10;14,951;84,507;233,583;64,301;64,41;305;1,24;0,017376996;6,32;2,22;76,56;46,51;65,51;0,89;7,08;60,37;52,1;7,31;0,267;0,00114143;101,7934;1,6
107;2017;10;Peking;2015/10;2,412;91,145;55,757;80,92;24,93;1880;1,6;0,051144084;3,7;2,14;88,54;15,7;15,1;0,92;5,99;53,56;72,93;6,67;0;-0,00121622;100,049;1,726
108;2017;10;Japan;2015/10;12,262;34,091;121,704;71,353;38,48;1839;0,26;0,028260661;6,52;1,33;77,03;34,27;243,26;0,98;5,91;20,35;47,43;9,02;0,018;0,0016883;100,7292;1,868
109;2017;10;Skorea;2015/10;4,847;48,496;124,566;83,724;55,58;71;3,11;0,032731864;2,52;6,48;51,31;47,91;57,43;0,69;7,25;84,56;58,07;4,77;0;0,01306132;101,707;1,806
110;2017;10;Phlppn;2015/10;16,746;85,306;240,36;70,914;65,25;757;1,7;0,023096608;3,51;1,44;79,72;23,91;62,77;0,75;6,79;40,13;56,41;6,09;0,044;0,0007774;100,5951;1,796
111;2017;11;Shangh;2015/11;13,387;109,894;163,416;71,77;65,4;349;1,35;0,01691105;6,32;2,01;75,93;46,52;59,19;0,96;6,55;58,85;53,19;7,33;0;0,00118282;101,7867;1,701
112;2017;11;Peking;2015/11;1,507;80,958;36,16;81,248;19,82;1731;1,81;0,051591802;3,33;1,99;88,39;15,92;13,86;0,98;6,37;54,69;71,93;6,96;0,119;-0,00127491;100,0788;1,83
113;2017;11;Japan;2015/11;6,429;47,178;58,874;75,759;57,52;1769;0,25;0,031553892;6,4;1,48;78,16;33,38;220,15;0,98;6,15;19,06;47,55;9,04;0,039;0,00174834;100,8581;1,879
114;2017;11;Skorea;2015/11;2,4;49,555;53,222;85,192;52,88;65;3,3;0,036353068;2,5;6,4;51,74;47,42;57,53;0,73;6,14;84,42;58,29;4,53;0;0,01297398;101,6647;1,885
115;2017;11;Phlppn;2015/11;19,768;69,531;191,533;82,474;60;580;2,8;0,022113816;3,08;1,25;77,54;24,83;63,92;0,66;6,52;41,5;57,62;6,28;0,17;0,0007684;100,7198;1,784
116;2017;12;Shangh;2015/12;12,212;113,602;137,7;82,03;54,41;328;1,31;0,018098497;5,78;1,73;76,04;46,14;66,96;0,9;7,1;57,61;53,45;7,72;0,11;0,00118909;101,7172;1,757
117;2017;12;Peking;2015/12;-2,46;83,625;10,553;71,773;26,34;2000;1,39;0,055524188;4,06;2,22;88,43;15,82;13,56;0,93;7,79;55,39;70,92;7,42;0,109;-0,00126824;100,0296;1,837
118;2017;12;Japan;2015/12;1,635;51,476;39,814;86,743;41,66;1801;0,22;0,029904499;5,64;1,7;79,29;32,87;236,17;0,94;6,75;18,1;46,42;8,39;0,14;0,00181729;100,8513;1,873
119;2017;12;Skorea;2015/12;-1,646;46,124;30,766;87,905;60,43;73;2,64;0,032081561;2,1;6,24;52,59;47,78;51,86;0,72;6,73;85,58;57,27;4,03;0,106;0,01299339;101,6918;1,974
120;2017;12;Phlppn;2015/12;12,461;110,956;161,622;81,401;71,36;736;2,97;0,023012523;2,81;1,31;76,4;23,81;59,48;0,74;7,4;40,84;58,84;6,34;0,185;0,00082644;100,7069;1,906
121;2018;1;Shangh;2016/1;6,529;110,465;154,309;78,851;51,31;318;1,46;0,017542011;6,15;1,8;75,01;45,83;60,25;0,84;7;55,47;53,25;8,11;0,254;0,0012252;101,6725;1,713
122;2018;1;Peking;2016/1;0,439;80,946;22,952;73,48;28,47;1902;1,53;0,053788611;3,91;2,39;88,59;16,77;13,37;0,98;7,16;56,33;71,67;8,03;0,095;-0,00124205;99,9246;2
123;2018;1;Japan;2016/1;-0,755;45,023;39,974;80,9;37,39;2164;0,24;0,032146873;6,67;1,91;80,47;32,84;240,81;0,98;6,03;17,23;45,46;8,43;0,193;0,00185148;100,7707;1,783
124;2018;1;Skorea;2016/1;-1,282;40,827;41,44;87,155;44,85;65;3,77;0,033548716;2,16;6,48;52,28;46,74;53,77;0,73;6,86;84,6;57,67;3,82;0,136;0,01298358;101,6466;1,895
125;2018;1;Phlppn;2016/1;13,063;91,593;133,513;82,251;65,59;667;1,95;0,022923292;2,67;1,25;76,22;22,07;70,38;0,69;6,4;40,89;57,25;5,86;0,08;0,0008091;100,6511;2,127
126;2018;2;Shangh;2016/2;10,796;82,745;168,371;74,387;69,42;296;1,27;0,016141765;5,48;1,99;75,2;45,85;67,32;0,79;6,44;54,44;52,2;8,26;0,084;0,00120922;101,5167;1,92
127;2018;2;Peking;2016/2;-7,348;63,231;64,578;68,291;20,74;1745;1,03;0,053533024;3,84;2;90,08;16,63;15,45;0,98;7,71;56,19;71,58;8,19;0,244;-0,00123611;99,7553;1,965
128;2018;2;Japan;2016/2;1,698;30,127;79,074;79,832;59,96;1957;0,25;0,032168161;5,39;1,56;80,08;32,38;208,4;0,98;6,67;17,43;43,28;8,46;0,262;0,00187911;100,6616;1,962
129;2018;2;Skorea;2016/2;-5,624;44,873;51,075;75,07;63,44;57;2,9;0,034167891;2,21;6,32;52,49;45,94;50,02;0,85;6,53;83,87;58,99;3,68;0;0,01302555;101,7409;1,885
130;2018;2;Phlppn;2016/2;9,699;50,421;179,77;80,341;66,97;738;2,53;0,022102508;2,69;1,66;76,33;21,61;64,15;0,77;6,68;43,49;58,34;5,77;0,037;0,00078272;100,7209;1,969
131;2018;3;Shangh;2016/3;11,176;45,576;202,715;73,184;58,08;261;1,32;0,015499366;6,1;2,06;75,45;45,56;62,91;0,85;6,95;54,62;52,83;8,2;0;0,00120207;101,6656;1,989
132;2018;3;Peking;2016/3;0,74;46,009;124,986;70,278;25,33;2353;1,73;0,054930013;3,38;1,99;89,37;16,88;13,81;0,93;6,79;55,35;72,4;8,06;0;-0,00118526;99,9545;2,079
133;2018;3;Japan;2016/3;3,946;46,785;117,191;68,894;44,99;1760;0,22;0,028890424;5,18;1,29;80,98;32,98;244,37;0,91;7,08;18,35;44,12;8,71;0,161;0,00184053;100,7968;1,985
134;2018;3;Skorea;2016/3;5,52;39,942;102,752;80,614;46,29;69;2,82;0,031968868;2,1;6,2;52,27;45,91;46,41;0,77;7,24;83,8;59,37;3,91;0,058;0,01301498;101,7713;2,074
135;2018;3;Phlppn;2016/3;16,054;41,935;182,448;74,712;70,35;681;2,91;0,021578849;2,44;1,54;75,25;23,18;70,24;0,73;6,13;45,04;58,38;5,83;0,151;0,00075281;100,5813;1,896
136;2018;4;Shangh;2016/4;13,897;65,81;226,835;75,249;59,95;360;1,07;0,018047476;6,13;1,86;73,6;47,01;64,23;0,84;6,69;54,77;53,65;7,89;0,17;0,00125627;101,6477;1,878
137;2018;4;Peking;2016/4;4,065;40,144;142,914;73,831;26,51;1762;1,91;0,050800063;3,68;1,93;88,15;15,52;13,66;0,95;7,63;54,85;72,52;8,36;0,008;-0,0012187;99,99;2,065
138;2018;4;Japan;2016/4;6,188;31,069;164,696;61,981;40,63;1761;0,22;0,02997642;6,64;1,25;79,93;32,95;246,55;0,89;5,8;18,65;44,46;8,83;0,132;0,00191828;100,7778;1,99
139;2018;4;Skorea;2016/4;11,304;44,723;156,847;73,024;46,63;69;3,14;0,034497956;2,14;6,42;53,25;45,25;55;0,75;6,78;82,71;59,27;3,49;0,151;0,01299787;101,6386;2,017
140;2018;4;Phlppn;2016/4;15,527;23,428;245,748;74,204;69,27;610;2,78;0,023534038;2,73;1,6;74,53;23,26;68,89;0,69;6,69;45,78;58,14;5,65;0,101;0,00084784;100,6906;1,764
141;2018;5;Shangh;2016/5;18,387;61,735;281,298;58,48;57,35;329;1,23;0,017098149;6,32;1,91;75,39;46,6;61,63;0,84;5,84;54,88;52,08;7,35;0,24;0,00121406;101,5873;1,925
142;2018;5;Peking;2016/5;8,348;51,28;225,681;72,611;29,39;2477;1,48;0,049821167;3,74;2,02;90,35;16,4;12,44;0,8;7,5;54,02;72,97;8,37;0,115;-0,00127239;100,1233;2,202
143;2018;5;Japan;2016/5;15,317;58,942;223,296;59,301;52,38;1763;0,3;0,03220938;6,54;1,27;80,56;31,11;221,15;0,97;5,8;17,7;46,13;8,49;0,092;0,00183907;100,6538;1,992
144;2018;5;Skorea;2016/5;15,053;63,129;235,469;57,418;32,02;63;2,92;0,035046969;2,41;6,22;53,84;45,68;54,09;0,7;6,29;82,63;62;3,78;0;0,01308032;101,5478;1,921
145;2018;5;Phlppn;2016/5;14,864;8,49;322,97;76,232;59,25;752;2,32;0,022761611;2,83;1,8;74,04;24,36;75,93;0,72;6,77;44,54;59,01;5,44;0,004;0,00089044;100,8007;1,899
146;2018;6;Shangh;2016/6;23,069;18,411;328,029;55,835;55,8;366;1,25;0,017500061;5,54;1,97;75,98;46,5;56,64;0,87;7,52;55,22;51,67;7,52;0,157;0,00117309;101,7448;2,013
147;2018;6;Peking;2016/6;11,674;70,038;193,503;76,838;30,2;2474;1,41;0,058030175;3,61;2,22;90,73;16,92;13,46;0,98;6,99;55,27;72,33;8,47;0;-0,00118382;100,1592;2,075
148;2018;6;Japan;2016/6;20,955;66,297;225,522;58,681;43,93;1981;0,23;0,028166979;6,37;1,5;80,19;30,93;221,29;0,77;6,42;18,61;45,85;8,37;0,174;0,00186328;100,5672;2,034
149;2018;6;Skorea;2016/6;20,21;72,887;243,132;65,996;57,49;64;2,98;0,031714709;2,1;6,1;55,47;46,09;54,85;0,73;6,64;82,93;63,95;3,7;0;0,01310197;101,7377;1,944
150;2018;6;Phlppn;2016/6;26,423;2,485;318,226;70,179;84,37;855;3,15;0,022703956;2,82;1,66;73,46;24,85;68,26;0,63;6,85;45,11;59,36;5,61;0;0,00094962;100,7881;2,06
151;2018;7;Shangh;2016/7;19,515;3,925;354,402;47,534;63,31;253;1,53;0,017978325;6,77;1,91;75,27;46,31;67,72;0,98;6,52;56,17;51,56;7,37;0,267;0,00107414;101,8836;1,906
152;2018;7;Peking;2016/7;15,553;94,754;185,329;77,456;32,85;1870;1,66;0,050010439;3,52;2,03;91,13;17,81;15,52;0,91;7,48;57,36;73,2;8,7;0,007;-0,00112607;100,1832;2,106
153;2018;7;Japan;2016/7;18,044;53,557;205,119;58,217;40,07;2152;0,22;0,033849562;5,8;1,31;79,23;31,57;219,61;0,93;6,97;18,17;44,65;8,11;0,169;0,00171516;100,6842;1,892
154;2018;7;Skorea;2016/7;28,409;67,487;305,329;65,996;52,18;71;3,1;0,032608048;2,43;6,04;56,4;46,29;59,53;0,73;6,79;83,41;62,68;3,76;0;0,01310429;101,6997;1,797
155;2018;7;Phlppn;2016/7;24,279;0;368,939;69,867;62,81;760;2,72;0,023264833;3,08;1,68;73,27;25,41;69,07;0,72;6,68;43,78;61,25;5,78;0,147;0,00087836;100,8625;1,969
156;2018;8;Shangh;2016/8;21,528;7,737;363,468;52,289;70,48;335;1,46;0,017338827;5,69;1,72;75,99;46,54;58,61;0,86;6,01;56,89;52,75;7,7;0,175;0,00105896;101,7688;1,987
157;2018;8;Peking;2016/8;12,76;83,82;180,46;86,589;31,37;2040;1,26;0,05215986;3,6;2,08;92,59;16,28;14,95;0,93;7,52;58,94;72,4;8,77;0,105;-0,00114908;100,1279;2,009
158;2018;8;Japan;2016/8;15,418;64,328;227,762;63,666;41,42;1888;0,19;0,033076042;5,91;1,27;79,21;32,46;241,43;0,98;6,89;18,13;43,7;7,51;0,07;0,00169923;100,6766;2,02
159;2018;8;Skorea;2016/8;15,798;71,041;249,98;69,502;48,08;61;3,11;0,035398015;2,6;6,02;57,85;47,1;54,64;0,81;6,55;82,64;64,36;3,69;0;0,01306724;101,851;1,836
160;2018;8;Phlppn;2016/8;28,053;7,198;331,128;73,436;71,64;659;2,64;0,023378031;3;1,78;73,11;24,87;68,6;0,73;6,54;43,21;62,41;5,39;0;0,00084249;100,8056;1,901
161;2018;9;Shangh;2016/9;23,261;28,932;259,152;60,074;62,38;301;1,25;0,016909445;6,63;1,49;76,04;47,12;68,29;0,94;6,38;56,82;51,93;8,05;0,458;0,00112765;101,7013;1,83
162;2018;9;Peking;2016/9;10,853;98,157;114,433;85,06;26,15;1977;1,42;0,055950982;3,33;1,93;92,02;16,06;15,42;0,86;6,39;59,54;72,17;8,54;0,053;-0,00113545;100,1682;1,743
163;2018;9;Japan;2016/9;10,511;44,509;159,487;65,637;37,71;1830;0,29;0,031788276;5,2;1,44;78,17;31,68;256;0,84;6,07;17,82;44,58;8,07;0,262;0,00174067;100,7881;1,904
164;2018;9;Skorea;2016/9;13,551;61,728;205,683;77,432;44,81;69;3,34;0,032455569;2,45;5,89;59,38;49,29;56,96;0,72;6,13;82,95;65,93;3,42;0,114;0,0129588;101,7641;1,689
165;2018;9;Phlppn;2016/9;23,863;33,567;292,631;78,043;65,29;818;2,81;0,023770015;3,41;1,8;71,67;24,85;62,59;0,65;7,47;41,96;60,92;5,45;0,119;0,00084147;100,6078;1,863
166;2018;10;Shangh;2016/10;15,632;67,615;218,195;60,594;67,96;313;1,72;0,017379481;5,81;1,4;75,74;45,44;69,38;0,94;6,29;56,88;52,6;8,36;0,156;0,00112881;101,5988;1,802
167;2018;10;Peking;2016/10;2,79;79,352;62,066;82,415;26,84;1904;1,97;0,054236818;3,76;1,84;94,19;15,33;14,45;0,85;7,36;59,58;73,2;8,66;0,187;-0,00106949;100,3114;1,667
168;2018;10;Japan;2016/10;6,553;41,233;108,629;74,787;47,89;1659;0,2;0,029757928;5,2;1,5;77,22;32,08;226,25;0,85;6,36;18,67;45,41;7,86;0,182;0,00178311;100,7644;1,87
169;2018;10;Skorea;2016/10;7,761;40,863;128,46;76,918;41,75;75;3;0,036855093;2,37;5,64;58,94;49,94;45,49;0,77;6,49;84,45;65,74;3,63;0,156;0,0130003;101,7155;1,786
170;2018;10;Phlppn;2016/10;19,466;72,729;234,481;79,135;69,21;677;2,63;0,02131403;2,68;1,96;70,95;22,85;67,68;0,63;6,21;41,73;60,54;5,14;0,112;0,00087239;100,5825;1,629
171;2018;11;Shangh;2016/11;12,357;106,731;145,791;80,594;67,82;346;1,14;0,016556539;5,81;1,63;75,89;45,7;65,75;0,84;6,43;57,1;52,83;8,08;0,113;0,00112481;101,5547;1,688
172;2018;11;Peking;2016/11;1,134;79,712;31,621;77,875;25,41;2327;1,7;0,052038434;4,05;1,81;93,54;15,62;13,86;0,98;7,54;58,86;72,12;8,36;0,019;-0,00098359;100,1923;1,732
173;2018;11;Japan;2016/11;8,542;44,719;52,844;78,982;46,12;1748;0,25;0,030175263;6,18;1,4;76,92;30,94;213,66;0,8;6,58;20,31;44,47;7,07;0,03;0,00174215;100,6833;1,836
174;2018;11;Skorea;2016/11;4,06;48,109;47,24;84,523;53,76;69;3,2;0,034113242;2,1;5,72;58,87;50,59;53,05;0,73;6,36;84,81;64,84;3,56;0,262;0,01302164;101,5845;1,79
175;2018;11;Phlppn;2016/11;14,419;83,739;203,756;75,865;71,65;653;2,43;0,022058604;3,25;2,04;71,23;20,98;69,85;0,63;6,41;41,78;60,73;4,99;0,163;0,00088581;100,5841;1,846
176;2018;12;Shangh;2016/12;14,711;132,753;144,433;73,546;70,56;303;1,5;0,016963603;6,58;1,43;76,27;46,79;65,52;0,86;6,39;57,22;52,11;8,08;0,225;0,00109096;101,5736;1,768
177;2018;12;Peking;2016/12;-5,043;86,44;8,998;71,913;29,68;1754;1,61;0,052191733;4,05;1,43;91,97;15,05;15,15;0,98;6,92;57,85;72,16;8,33;0;-0,00100467;100,1133;1,751
178;2018;12;Japan;2016/12;2,08;64,986;35,734;80,596;59,02;1623;0,26;0,028233383;5,97;1,37;78,04;31,96;206,05;0,88;6,77;21,26;44,87;7,52;0,087;0,00172797;100,7682;1,822
179;2018;12;Skorea;2016/12;-4,268;46,459;27,285;91,316;45,7;67;2,57;0,034056584;2,64;5,7;59,12;51,11;57,15;0,62;7,3;85,49;62,95;3,08;0;0,01300304;101,6427;1,919
180;2018;12;Phlppn;2016/12;15,329;128,118;155,304;78,112;73,07;754;2,52;0,02328833;2,91;2,01;71,07;22,37;66,63;0,71;6,64;41,31;60,98;4,8;0;0,00090513;100,5849;1,942
181;2019;1;Shangh;2017/1;6,793;95,258;137,588;78,528;51,9;276;1,19;0,016653531;6,18;1,25;76,62;46,69;60,63;0,9;7,23;56,57;52,72;7,75;0,082;0,00109299;101,4292;1,639
182;2019;1;Peking;2017/1;-4,395;82,163;24,108;76,426;23,46;2131;1,52;0,056214506;3,68;1,39;91,55;14,56;13,2;0,98;7,27;58,57;71,75;8,37;0,05;-0,00100066;100,1485;1,783
183;2019;1;Japan;2017/1;3,26;45,564;47,801;80,344;48,73;1706;0,22;0,03020037;6,54;1,28;78,39;31,77;210,4;0,9;6,26;22,13;44,09;7,4;0,058;0,00168979;100,7528;1,72
184;2019;1;Skorea;2017/1;-6,093;38,01;42,122;84,87;52,62;77;2,9;0,032778966;2,31;5,81;59,02;51,53;53,82;0,73;7,39;84,44;61,07;3,5;0;0,01307456;101,6435;1,861
185;2019;1;Phlppn;2017/1;11,431;82,07;142,125;78,902;69,5;568;2,2;0,019088939;3,05;2,33;71,65;21,65;69,96;0,65;6,53;40,89;61,53;4,6;0,047;0,00094178;100,5707;1,748
186;2019;2;Shangh;2017/2;14,185;82,166;159,636;82,519;49,43;371;1,55;0,017472351;6,8;1,26;76,13;47,09;64,66;0,92;6,22;57,16;52,13;7,65;0,086;0,00110791;101,3774;1,662
187;2019;2;Peking;2017/2;-4,917;50,262;62,387;74,998;27,31;2103;1,48;0,053418521;3,4;1,5;90,9;13,61;15,71;0,94;8;61,23;70,46;8,51;0;-0,0010255;100,1777;1,698
188;2019;2;Japan;2017/2;0,704;30,325;71,397;80,806;47;2129;0,23;0,030353053;5,94;1,25;76,66;30,37;212,78;0,97;5,98;20,7;44,51;7,49;0,043;0,00168384;100,7677;1,964
189;2019;2;Skorea;2017/2;-2,91;35,126;66,65;80,249;40,95;60;4,09;0,035296096;2,39;5,48;59,82;53,43;48,6;0,82;7,57;83,87;62,33;3,34;0,136;0,01308794;101,8007;1,782
190;2019;2;Phlppn;2017/2;13,807;59,539;169,167;75,656;65,41;670;2,55;0,022091865;3,07;2,08;73,07;20,4;64,48;0,71;6,82;40,91;61,87;4,41;0,024;0,00090591;100,4502;1,6
191;2019;3;Shangh;2017/3;12,865;54,148;219,586;70,257;47,69;374;1,2;0,017591788;6,18;1,39;74,59;48,18;67,07;0,87;6,23;57,81;53,61;8,05;0,097;0,00114234;101,19;1,764
192;2019;3;Peking;2017/3;-1,452;41,833;102,769;70,248;28,58;2015;1,87;0,056266981;3,06;1,25;90,02;13,92;14,5;0,98;7,24;62,38;69,92;9,08;0,026;-0,00104115;100,1696;1,825
193;2019;3;Japan;2017/3;2,972;41,092;135,239;68,603;33,86;1918;0,21;0,030868582;6,73;1,33;76,56;30,13;224,69;0,87;6,14;19,88;45,43;7,59;0,287;0,00165082;100,7346;1,875
194;2019;3;Skorea;2017/3;-0,708;34,097;107,23;80,642;46,74;61;3,08;0,036881913;2,44;5,21;60,63;53,06;55,01;0,7;7,42;83,51;61,16;3,91;0;0,01312372;101,7865;1,723
195;2019;3;Phlppn;2017/3;10,854;47,718;231,309;81,332;65,5;587;3;0,022805945;3,23;1,78;71,95;19,77;69,76;0,72;6,62;40,5;63,29;4,16;0,311;0,00095418;100,5347;1,6
196;2019;4;Shangh;2017/4;14,911;65,733;235,65;67,681;55,87;282;1,33;0,018350358;6,37;1,5;75,74;47,9;58,56;0,91;6,86;59,42;53,76;8,36;0;0,00122855;101,2803;1,6
197;2019;4;Peking;2017/4;4,459;45,767;158,386;76,648;24,99;2240;1,53;0,052234745;3,52;1,37;89,04;15,26;14,17;0,98;7,18;62,26;67,05;9,44;0,013;-0,00104856;100,3678;1,935
198;2019;4;Japan;2017/4;12,791;40,814;158,285;56,786;50,06;1850;0,24;0,029366699;5,51;1,25;76,92;29,21;236,78;0,98;5,89;19,46;46,53;7,62;0,096;0,00160411;100,5696;2,028
199;2019;4;Skorea;2017/4;9,254;44,432;165,196;65,499;56,45;60;3,23;0,032318414;2,36;5,36;60,26;51,55;53,94;0,71;6,49;83,69;62,55;3,81;0,082;0,01311315;101,9071;1,727
200;2019;4;Phlppn;2017/4;21,983;19,454;259,984;77,205;56,73;689;2,86;0,022240779;2,76;1,74;69,66;20,66;71,93;0,75;6,55;40,63;63,46;4,36;0,121;0,00099759;100,5415;1,6
201;2019;5;Shangh;2017/5;14,128;50,772;301,003;65,489;66,86;333;1,32;0,016086241;6,37;1,46;76,22;48,72;72,76;0,88;6,93;58,97;52,72;8,24;0,203;0,00114752;101,308;1,671
202;2019;5;Peking;2017/5;5,911;48,917;183,788;68,999;29,97;1739;1,6;0,059251215;3,21;1,51;88,64;15,67;12,77;0,96;6,67;63,62;66,38;9,5;0,133;-0,00098678;100,2917;1,876
203;2019;5;Japan;2017/5;13,923;55,543;201,585;59,499;43,73;1735;0,22;0,031632215;5,25;1,25;77,25;29,74;202,09;0,94;6,82;21,44;47,64;8,03;0,136;0,00154572;100,4475;1,894
204;2019;5;Skorea;2017/5;19,441;58,544;248,251;58,116;53,21;63;2,6;0,032890912;2,1;5,35;60,01;53,25;54,65;0,8;6,24;84,39;65,59;4,04;0,046;0,01317935;101,7544;1,834
205;2019;5;Phlppn;2017/5;21,471;6,546;291,218;75,688;51,14;586;3,62;0,022530816;3,23;1,65;69,24;20,29;63,71;0,68;6,76;40,22;62,2;4,35;0,064;0,00084627;100,5;1,703
206;2019;6;Shangh;2017/6;18,703;15,094;311,754;60,81;63,74;298;1,15;0,01726225;6,08;1,25;75,07;47,21;67,88;0,8;6,42;58,88;52,72;8,16;0,344;0,00114182;101,5177;1,637
207;2019;6;Peking;2017/6;9,329;66,814;190,591;74,572;26,54;1764;1,75;0,05520962;3,55;1,33;89,48;15,11;11,55;0,98;7,49;62,78;66,79;9,07;0,179;-0,00095041;100,1315;1,934
208;2019;6;Japan;2017/6;12,98;73,573;247,584;56,625;49,87;1867;0,26;0,033390192;5,74;1,31;77,42;28,27;227,63;0,98;6,18;21,33;47,42;7,72;0;0,00154772;100,4445;1,82
209;2019;6;Skorea;2017/6;16,558;81,809;246,95;59,749;55,66;77;2,58;0,035676745;2,79;5,04;60,83;53,67;51,66;0,8;6,27;83,98;64,72;3,56;0,075;0,01316854;101,7229;1,787
210;2019;6;Phlppn;2017/6;19,263;3,286;338,729;73,662;58,07;741;3,05;0,023258877;3,17;1,88;69,91;19,6;68,98;0,69;6,15;41,23;61,44;4,17;0,2;0,00094506;100,5345;1,626
211;2019;7;Shangh;2017/7;19,487;3,912;352,845;53,597;74,24;252;1,24;0,016798374;6,67;1,25;76,24;46,75;59,91;0,95;6,78;59,8;53,29;8,46;0,214;0,00106581;101,5752;1,744
212;2019;7;Peking;2017/7;14,588;109,888;171,864;79,58;28,03;1995;1,62;0,053424523;3,25;1,28;87,85;14,47;12,81;0,93;7,72;63,41;66,53;8,83;0,106;-0,00091418;100,2046;1,976
213;2019;7;Japan;2017/7;18,6;61,225;220,838;59,938;38,45;1802;0,22;0,027981265;5,94;1,51;78,95;29,38;230,62;0,83;7,11;23,85;48,89;7,72;0,23;0,00152737;100,2684;1,731
214;2019;7;Skorea;2017/7;15,663;87,238;243,224;62,867;49,35;53;3,18;0,033501227;2,1;5,07;60,71;53,97;61,91;0,82;6,93;82,74;64,08;3,58;0,186;0,01319806;101,7117;1,6
215;2019;7;Phlppn;2017/7;27,373;0;358,486;69,019;76,62;715;2,28;0,021639967;2,95;2,19;69,18;21,22;63,05;0,72;5,94;42,2;63,59;4,59;0,078;0,00095542;100,4519;1,883
216;2019;8;Shangh;2017/8;22,48;6,732;337,342;54,167;54,02;278;1,24;0,016817891;5,51;1,35;76,86;45,87;64,63;0,91;6,3;61,2;52,76;8,79;0,125;0,00109148;101,5508;1,736
217;2019;8;Peking;2017/8;13,364;86,644;183,852;86,062;28,88;2239;1,82;0,054439583;3,34;1,46;87,07;16,62;11,72;0,96;6,36;63,32;67,55;8,55;0;-0,00075748;100,2351;2,028
218;2019;8;Japan;2017/8;20,308;55,664;217,449;66,421;49,34;1619;0,2;0,032775269;6,07;1,27;79,69;29,91;209,15;0,89;6,3;25,5;50,77;7,42;0;0,00154502;100,2935;1,806
219;2019;8;Skorea;2017/8;18,547;50,97;261,633;65,599;44,26;50;2,98;0,031372971;2,37;5,35;60,54;54,3;61,61;0,81;6,88;80,79;64,6;3,26;0,08;0,01313055;101,7324;1,905
220;2019;8;Phlppn;2017/8;31,392;7,295;376,418;77,528;66,81;574;2,56;0,022865791;2,81;2,09;69,31;22,12;57,97;0,72;6,32;41,72;63,89;4,45;0,208;0,00098703;100,453;2,054
221;2019;9;Shangh;2017/9;19,642;28,905;283,605;55,966;64,44;369;1,3;0,016471081;6,8;1,46;78,79;45,07;57,91;0,94;6,18;61,71;52,89;9,5;0,239;0,00110118;101,5603;1,867
222;2019;9;Peking;2017/9;11,342;87,561;108,431;80,227;27,41;1955;1,93;0,051931032;4,38;1,64;85,85;17,04;14,1;0,98;7,14;61,54;66,92;8,79;0;-0,00068171;100,1204;1,857
223;2019;9;Japan;2017/9;13,206;41,674;156,102;66,094;42,92;2072;0,21;0,03085487;5,75;1,25;80,49;31,48;236,65;0,98;6,48;26,62;48,65;7,45;0,05;0,00153472;100,4786;1,88
224;2019;9;Skorea;2017/9;15,772;62,434;187,575;72,66;52,56;52;3,45;0,029364813;2,1;5,2;59,26;52,73;53,61;0,7;6,44;79,07;64,04;3,08;0,037;0,01307803;101,6425;1,932
225;2019;9;Phlppn;2017/9;29,672;30,892;276,989;67,598;59,92;652;2,83;0,023290209;3,11;1,84;69,11;21,82;65,44;0,73;5,96;41,05;62,28;4,67;0,092;0,00096584;100,5413;1,938
226;2019;10;Shangh;2017/10;16,329;85,179;230,382;62,752;66,5;281;1,14;0,017049488;6,72;1,81;78,5;45,86;65,94;0,92;6,67;62;55,25;9,36;0,251;0,00110674;101,5721;1,96
227;2019;10;Peking;2017/10;2,949;65,802;62,236;84,975;29,57;1906;1,67;0,054454282;3,52;1,76;84,81;15,6;14,34;0,96;7,21;60,51;67,96;8,4;0,352;-0,00078181;100,0112;1,963
228;2019;10;Japan;2017/10;11,134;36,187;106,818;72,208;43,95;1783;0,24;0,03072088;6,46;1,33;80,5;33,52;219,71;0,95;6,31;26,06;50,2;6,92;0,152;0,00155656;100,3529;1,842
229;2019;10;Skorea;2017/10;8,941;48,02;106,332;81,817;58,44;71;3,08;0,032290477;2,1;5,12;59,16;52,61;57,8;0,75;7;79,32;62,35;3,23;0;0,01309553;101,5647;1,989
230;2019;10;Phlppn;2017/10;25,144;99,685;229,528;76,438;80,66;727;2,65;0,02210807;2,83;1,81;70,29;20,34;60,61;0,65;5,21;41,92;61,86;4,73;0,076;0,00099699;100,5427;1,848
231;2019;11;Shangh;2017/11;13,594;107,304;159,915;77,816;59,6;310;1,53;0,01841514;6,8;1,57;78,65;45,38;69,75;0,85;6,79;62,93;55,53;9,5;0,105;0,00107578;101,5287;2,02
232;2019;11;Peking;2017/11;3,822;56,577;32,77;78,231;31,75;2022;1,63;0,054850743;4,49;1,45;85,93;16,62;13,79;0,9;7,31;62,24;67,44;8,5;0,027;-0,00071762;100,0074;1,939
233;2019;11;Japan;2017/11;1,27;40,361;48,766;87,867;48,91;1758;0,2;0,031430658;4,84;1,25;78,24;33,2;231,65;0,96;6,64;27,11;51,86;6,59;0,069;0,00156262;100,2104;1,883
234;2019;11;Skorea;2017/11;3,69;56,094;51,173;86,75;44,2;56;2,81;0,032177852;3,05;4,97;60,45;50,61;52,21;0,71;7,06;79,75;62,42;3,46;0,09;0,01305096;101,4537;1,873
235;2019;11;Phlppn;2017/11;17,911;67,758;203,761;81,78;53,79;681;2,75;0,022064473;3,32;1,48;68,19;19,22;69,04;0,63;6,66;43,35;60,45;4,92;0,001;0,00102998;100,6261;1,852
236;2019;12;Shangh;2017/12;12,304;112,549;170,249;83,33;54,02;306;1,27;0,015347519;6,8;1,65;78,31;45,07;69,78;0,95;5,92;63,41;56,39;9,42;0,207;0,00106166;101,4362;1,985
237;2019;12;Peking;2017/12;0,321;81,379;9,434;82,202;24,8;1881;1,56;0,053749849;3,75;1,44;86,76;16,39;13,43;0,98;7,27;62,54;67,63;8,87;0,27;-0,00076027;99,8801;2,054
238;2019;12;Japan;2017/12;1,494;55,259;35,639;86,179;49,1;1883;0,22;0,031414156;6,53;1,5;77,47;32,84;214,91;0,97;6,56;27,35;54,06;6,77;0,11;0,00157202;100,0972;1,927
239;2019;12;Skorea;2017/12;-3,43;47,884;29,383;80,799;46,18;62;2,73;0,035793997;2,1;4,96;59,11;50,31;54,64;0,73;6,43;81,07;61,81;3,3;0;0,01301228;101,4205;1,9
240;2019;12;Phlppn;2017/12;13,495;107,298;175,029;81,548;91,72;581;2,74;0,022091131;2,96;1,65;66,68;17,82;64,63;0,68;6,57;41,72;59,96;4,49;0,067;0,00105749;100,5646;1,99
241;2020;1;Shangh;2018/1;10,729;111,818;127,026;81,771;45,88;334;1,04;0,0169457;6,8;1,8;78,73;45,58;69,61;0,81;6,79;63,29;56,9;9,5;0,302;0,00104597;101,2868;2,073
242;2020;1;Peking;2018/1;-1,126;80,888;20,656;78,763;30,29;1890;1,78;0,052688106;3,2;1,25;87,21;17,02;13,97;0,98;7,3;62,11;68,39;8,84;0,117;-0,00080173;99,8428;2,088
243;2020;1;Japan;2018/1;-0,385;44,053;46,116;90,258;37,56;1764;0,23;0,031523308;6,43;1,54;79,1;31,81;216,1;0,88;6,77;26,52;55,6;6,65;0,16;0,00152892;100,0551;1,922
244;2020;1;Skorea;2018/1;1,397;32,653;44,292;89,037;56,25;67;2,57;0,034764386;2,37;4,61;57,97;49,82;54,52;0,77;7,23;81,29;61,45;3,72;0,151;0,01305373;101,3375;1,973
245;2020;1;Phlppn;2018/1;10,808;100,315;159,827;80,599;74,02;610;2,48;0,022511884;2,84;1,74;67,35;17,22;61,59;0,7;6,86;40,94;59,33;4,44;0;0,00110018;100,4974;1,949
246;2020;2;Shangh;2018/2;10,306;96,172;148,505;83,207;64,33;328;1,37;0,018152215;6,8;1,58;77,65;45,1;61,71;0,87;6,87;63,13;55,01;9,27;0,116;0,00092514;101,3408;1,964
247;2020;2;Peking;2018/2;2,938;49,57;64,555;75,015;24,45;1896;2,09;0,050732592;3,61;1,25;86,72;16,48;13,87;0,95;6,56;63,89;70,45;8,8;0;-0,00079319;99,823;1,88
248;2020;2;Japan;2018/2;3,695;31,754;72,426;79,865;41,94;1928;0,26;0,030370369;5,95;1,86;80,72;33,25;222,2;0,88;5,84;25,17;56,67;6,6;0,109;0,00160268;100,0919;1,934
249;2020;2;Skorea;2018/2;-5,728;35,845;62,753;80,317;57,25;67;3,13;0,036171805;2,38;4,66;58,54;51,47;54,2;0,7;6,53;81,6;62,65;3,59;0,011;0,01309307;101,4368;2,021
250;2020;2;Phlppn;2018/2;9,616;49,492;185,298;74,879;67,8;553;2,61;0,022964076;3,14;2,03;66,13;16,31;66,99;0,69;6,56;41,72;61,7;4,57;0;0,00116008;100,5276;1,939
251;2020;3;Shangh;2018/3;13,276;50,144;207,064;72,347;57,72;338;1,21;0,016626355;6,6;1,56;76,2;45,53;62,1;0,9;6,39;63,57;56,24;9,4;0,204;0,00099122;101,5491;2,013
252;2020;3;Peking;2018/3;-2,661;54,946;119,377;74,859;26,35;1836;1,85;0,048686321;3,33;1,71;86,96;13,84;15,46;0,95;5,96;63,56;71,91;8,05;0;-0,00074706;99,6792;1,699
253;2020;3;Japan;2018/3;3,96;40,265;113,866;72,267;52,89;2327;0,21;0,031058202;6,8;1,83;80,13;34,03;200,57;0,93;7,01;27,92;55,85;6,64;0,172;0,00160976;100,0585;1,72
254;2020;3;Skorea;2018/3;-1,089;33,679;109,461;79,278;57,73;71;2,75;0,037376535;2,74;4,85;58,18;51,22;55,94;0,75;6,89;83,4;61,57;3,72;0;0,0131457;101,3778;1,908
255;2020;3;Phlppn;2018/3;10,641;42,208;227,361;76,206;93,88;689;3,12;0,023444496;3,2;2,12;66,19;17,16;58,98;0,72;6,15;40,83;61,26;4,88;0;0,0012062;100,6091;1,895
256;2020;4;Shangh;2018/4;10,851;67,294;240,608;71,093;56,07;371;1,31;0,015709351;6,21;1,25;75,48;45,32;70,8;0,79;5,95;63,65;56,1;9,18;0,24;0,00093929;101,5285;1,996
257;2020;4;Peking;2018/4;2,449;40,61;154,961;68,948;30,67;1894;1,89;0,048655239;3,53;1,46;88,36;13,45;13,69;0,94;6,81;63,56;71,51;8,52;0;-0,00067032;99,7872;1,664
258;2020;4;Japan;2018/4;8,571;33,469;162,649;60,431;55,49;1903;0,17;0,030514523;6,8;2,06;80,37;34,24;190,04;0,98;6,55;27,31;54,74;6,04;0,211;0,00160001;100,0614;1,956
259;2020;4;Skorea;2018/4;7,214;48,502;154,968;68,802;56,58;68;3,03;0,036865315;2,45;4,62;58,05;51,56;54,86;0,71;6,52;81,49;60,1;4,19;0;0,01312795;101,3996;1,813
260;2020;4;Phlppn;2018/4;12,929;21,54;263,862;78,082;60,61;610;3,16;0,020709056;3,63;1,99;67,27;18,15;67,18;0,75;6,71;41,12;61,32;4,99;0,171;0,00124716;100,5723;1,84
261;2020;5;Shangh;2018/5;15,47;49,937;264,786;62,376;64,02;357;1,31;0,016886484;5,8;1,41;75,77;44,58;63,93;0,79;6,93;64,89;54,9;9,39;0,124;0,00088496;101,4975;1,897
262;2020;5;Peking;2018/5;8,546;53,223;207,376;77,963;29,38;2319;1,6;0,053849;2,55;1,25;88,33;14,25;11,96;0,98;6,17;63,32;69,14;8,28;0,288;-0,00066805;99,7831;1,784
263;2020;5;Japan;2018/5;14,183;61,224;237,379;60,271;39,24;1940;0,28;0,02784122;5,65;2,34;80,85;34,04;247,31;0,88;6,59;25,52;54,35;6,23;0,023;0,00158081;99,9204;1,824
264;2020;5;Skorea;2018/5;15,492;51,267;239,059;59,262;51,42;64;3,05;0,033078689;2,36;4,72;56,57;49,83;50,86;0,71;5,95;81,54;59,12;3,94;0;0,01315047;101,3742;2,029
265;2020;5;Phlppn;2018/5;26,593;6,917;265,341;74,215;80,29;689;2,35;0,021720642;3,08;1,45;67,93;17,03;71,2;0,7;6,79;40,63;62,54;5,07;0,048;0,00120704;100,5575;1,973
266;2020;6;Shangh;2018/6;17,399;16,542;317,669;59,014;58,75;328;1,4;0,016450776;6,77;1,52;76,75;42,84;68,71;0,9;6,29;65,07;55,16;9,5;0,193;0,00092261;101,449;2,059
267;2020;6;Peking;2018/6;14,593;61,989;204,037;75,608;24,52;2193;1,61;0,057030682;3,01;1,56;88,86;14,3;15,07;0,98;7,16;63,54;68,7;8,29;0;-0,00063235;99,7457;1,828
268;2020;6;Japan;2018/6;20,048;79,191;222,943;54,313;35,07;1771;0,27;0,029783744;6,8;2,58;82;34,04;217,83;0,96;5,99;25,83;54,3;6,86;0,048;0,00150886;100,3606;1,879
269;2020;6;Skorea;2018/6;20,754;85,998;261,144;65,393;55,11;67;3,49;0,031714026;2,18;4,75;54,65;51,56;67,93;0,6;6,63;83,67;58,39;3,94;0,236;0,01311398;101,3946;2,159
270;2020;6;Phlppn;2018/6;22,548;2,485;336,864;63,798;55,66;747;2,61;0,024805625;3,02;1,51;68,37;17,59;70,62;0,64;6,99;39,79;62,29;5,38;0,215;0,00119743;100,5328;1,978
271;2020;7;Shangh;2018/7;25,946;3,647;344,36;44,359;67,55;324;1,28;0,016983566;6,41;1,8;78,1;41,76;67,86;0,88;6,56;65,13;54,64;9,5;0,17;0,00093989;101,423;2,003
272;2020;7;Peking;2018/7;15,623;78,03;164,948;77,405;25,26;2080;1,67;0,051264097;3,28;1,51;89,77;14,48;14,72;0,98;7,52;63,66;68,86;7,98;0;-0,00062217;99,703;1,924
273;2020;7;Japan;2018/7;19,848;48,751;212,621;56,9;41,62;1678;0,25;0,031741254;5,3;2,59;83,26;32,21;204,25;0,84;6,4;26,25;53,76;7,01;0,173;0,00155831;100,3402;2,004
274;2020;7;Skorea;2018/7;15,229;73,048;307,61;65,507;44,92;70;2,69;0,033894554;2,69;4,51;55,38;50,54;49,57;0,84;7,32;83,68;57,47;4,3;0,221;0,01322723;101,4709;2,122
275;2020;7;Phlppn;2018/7;25,687;0;380,381;67,997;58,93;666;3,2;0,02243356;3,63;1,65;67,98;16,63;68,87;0,64;6,38;40,66;59,38;4,96;0;0,00112376;100,4869;1,909
276;2020;8;Shangh;2018/8;25,999;6,322;347,196;53,642;57,87;251;1,11;0,015335305;6,44;1,47;78,91;42,9;67,39;0,97;6,64;64,31;55,72;9,5;0,21;0,00089075;101,4055;1,794
277;2020;8;Peking;2018/8;13,684;80,349;184,05;74,732;30,54;1987;1,53;0,056307694;3,64;1,52;90,39;13,97;13,12;0,98;6,94;63,09;68,01;7,66;0,112;-0,00067213;99,7458;1,884
278;2020;8;Japan;2018/8;22,057;53,5;220,526;61,24;41,65;2008;0,24;0,030693437;6,14;2,51;82,78;32,02;210,52;0,95;6,51;25,52;54,36;7,19;0,161;0,00153147;100,3583;2,161
279;2020;8;Skorea;2018/8;17,823;68,711;268,594;71,03;41,52;70;2,8;0,034880022;2,1;4,92;54,1;50,53;58,75;0,72;6,76;82,29;56,75;4,33;0,083;0,01320744;101,4393;2,101
280;2020;8;Phlppn;2018/8;30,775;7,399;329,399;71,859;82,67;709;2,54;0,021323879;3,81;1,62;67,88;15,48;67,37;0,71;6,84;41,2;59,63;4,98;0,09;0,00116692;100,4848;2,062
281;2020;9;Shangh;2018/9;22,491;27,256;272,279;56,512;62,97;278;1,38;0,017164418;5,68;1,25;78,81;41,56;63,59;0,96;7,09;64,84;56,07;9,5;0,249;0,00086719;101,4449;1,903
282;2020;9;Peking;2018/9;11,535;97,911;118,135;78,226;26,46;2156;1,76;0,056857945;3,75;1,55;91,74;13,51;13,94;0,92;7,09;62,71;68,08;7,22;0,137;-0,00070503;99,6488;1,772
283;2020;9;Japan;2018/9;12,301;41,228;164,234;68,395;42,56;1648;0,25;0,030691844;6,15;2,61;83,59;33,62;217,69;0,97;5,83;25,08;55,36;7,29;0,13;0,00152661;100,3232;2,088
284;2020;9;Skorea;2018/9;16,917;48,163;187,509;68,496;38,91;65;2,7;0,033446965;2,34;5,06;54,49;50,93;52,49;0,73;7,18;82,89;56,25;4,52;0,144;0,01318533;101,4942;2,165
285;2020;9;Phlppn;2018/9;23,547;34,044;250,097;79,96;70,79;742;1,98;0,022614621;3,23;1,64;67,06;15,25;67,07;0,67;5,44;40,25;61,59;4,72;0,198;0,00121422;100,5956;2,143
286;2020;10;Shangh;2018/10;18,754;85,27;253,091;61,915;49,89;289;1,23;0,016996907;5,38;1,25;78,8;39,69;67,06;0,8;6,2;64,93;56,55;9,2;0,364;0,00086184;101,6121;2,031
287;2020;10;Peking;2018/10;3,317;79,829;64,175;84,832;27,89;1766;1,49;0,052135727;3,19;1,37;91,81;12,81;14,2;0,92;6,83;61,99;68,12;7,46;0,007;-0,00063964;99,6186;1,76
288;2020;10;Japan;2018/10;14,458;38,793;115,802;69,642;49,74;1588;0,24;0,031022358;4,73;2,84;83,24;33,37;226,6;0,98;6;24,22;57,12;6,81;0,159;0,00153595;100,1909;2,203
289;2020;10;Skorea;2018/10;9,233;42,422;136,71;79,389;50,97;66;3,39;0,036101684;2,31;5,23;55,75;51,08;54,87;0,75;6,85;82,47;54,9;4,36;0,035;0,01323102;101,3433;2,17
290;2020;10;Phlppn;2018/10;18,907;102,869;211,183;80,32;72,87;568;2,78;0,022653513;3,03;1,66;66,34;14,76;69;0,62;6,84;39,02;61,93;4,43;0,127;0,00120433;100,5742;2,166
291;2020;11;Shangh;2018/11;13,439;123,235;133,033;75,754;61,23;294;1,32;0,017314577;6,56;1,25;80,23;37,94;62,94;0,75;6,1;65,84;57,09;9,16;0,205;0,00077301;101,8127;1,865
292;2020;11;Peking;2018/11;0,95;63,291;31,467;74,295;23,99;1967;1,52;0,0520388;3,64;1,25;91,67;14,34;14,63;0,98;7,48;60,86;66,02;7,67;0;-0,00064517;99,4066;1,789
293;2020;11;Japan;2018/11;6,107;52,913;44,133;81,781;44,96;1641;0,25;0,028384581;6,8;2,31;83,64;33,25;214,84;0,98;6,71;23,71;56,97;6,85;0,13;0,00153268;100,358;2,173
294;2020;11;Skorea;2018/11;0,826;51,502;48,948;84,403;50,31;62;2,84;0,03472703;2,3;5,01;54,44;50,48;55,51;0,77;7,51;81,75;55,93;4,18;0,043;0,01322221;101,4772;2,236
295;2020;11;Phlppn;2018/11;20,273;67,595;186,072;75,847;72,79;681;2,37;0,022292405;3,64;1,72;67,04;14,11;57,21;0,63;7,21;37,54;61,08;4,57;0,126;0,00118055;100,4488;2,153
296;2020;12;Shangh;2018/12;8,413;109,553;135,815;72,969;55,39;291;1,07;0,017979754;6,8;1,25;79,82;36,75;63,99;0,88;6,04;65,15;57,87;9,13;0,191;0,00070308;101,858;2,094
297;2020;12;Peking;2018/12;-3,65;81,759;9,656;77,647;24,26;2071;1,53;0,055155858;3,33;1,25;91,25;14,19;13,19;0,98;5,91;60,81;64,52;8,06;0,086;-0,00064105;99,5021;2,008
298;2020;12;Japan;2018/12;7,477;56,738;39,163;88,752;42,5;1614;0,23;0,032491345;6,8;2,04;84,16;32,34;247,36;0,98;6,29;24,78;57,7;6,52;0,129;0,00158146;100,3775;2,355
299;2020;12;Skorea;2018/12;-6,934;43,939;31,176;84,864;43,36;61;2,98;0,033365709;2,78;5,13;54,58;50,52;53,7;0,72;7,44;81,4;53,8;3,89;0;0,01326333;101,5382;2,291
300;2020;12;Phlppn;2018/12;12,226;122,54;154,976;81,169;70,04;732;2,43;0,023861514;2,97;2,05;70,03;14,07;67,84;0,68;6,16;37,06;62,25;4,52;0;0,00121451;100,3782;1,999
301;2021;1;Shangh;2019/1;14,982;122,91;156,516;78,907;54,21;304;1,32;0,01585504;6,8;1,25;80,45;35,64;56,8;0,82;6,82;66,68;57,35;9,1;0,271;0,0008364;101,7598;2,071
302;2021;1;Peking;2019/1;-2,341;56,087;24,559;73,915;26,67;2081;1,69;0,052803905;3,35;1,4;93,87;14,99;14,82;0,98;7,76;58,54;65,18;8,38;0,043;-0,00064377;99,6194;2,051
303;2021;1;Japan;2019/1;1,511;40,855;47,338;78,193;46,51;1617;0,21;0,031250001;5,69;1,86;85,56;33,11;215,21;0,98;5,96;25,19;59,05;6,44;0,143;0,00154703;100,3516;2,305
304;2021;1;Skorea;2019/1;-3,072;42,066;43,255;90,398;60,61;60;3,31;0,032815495;2,8;5,4;54,13;49,23;54,96;0,72;6,73;80,78;54,21;3,91;0,139;0,0132361;101,4176;2,177
305;2021;1;Phlppn;2019/1;14,777;81,963;167,035;78,757;86,78;816;2,16;0,023183668;3,46;1,92;69,01;15,37;69,42;0,69;5,92;36,67;63,5;4,18;0,141;0,0011666;100,5691;1,964
306;2021;2;Shangh;2019/2;11,807;84,296;161,777;81,92;72,16;317;1,33;0,016093717;6,44;1,26;79,53;35,86;68,86;0,83;6,2;67,01;57,93;9,42;0,066;0,0008218;101,6993;2,199
307;2021;2;Peking;2019/2;2,12;39,98;74,729;73,995;29,99;1936;1,68;0,052855512;4,05;1,76;95,03;12,84;14,09;0,92;7,52;58,97;63,98;8,38;0,108;-0,00066177;99,4524;2,105
308;2021;2;Japan;2019/2;2,623;35,053;73,773;84,17;40,27;1703;0,22;0,030286123;5,74;1,8;85,76;33,75;233,28;0,95;6,65;23,96;57,57;6,65;0,197;0,00160284;100,5572;2,081
309;2021;2;Skorea;2019/2;-5,728;40,141;61,725;74,776;50,13;70;3,32;0,032884177;2,47;5,21;55,46;49,98;52,63;0,69;6,57;80,64;54,67;4,15;0,078;0,01326074;101,6096;2,037
310;2021;2;Phlppn;2019/2;11,116;60,569;189,948;83,182;80,06;673;3,09;0,02237092;3,07;1,7;70,43;15,25;66,72;0,62;6,66;37,14;64,87;3,8;0,168;0,00122813;100,4434;2,06
311;2021;3;Shangh;2019/3;14,486;59,802;207,063;76,344;61,78;331;1,22;0,016928993;5,59;1,25;78,36;34,99;67,1;0,87;6;67,25;57,54;9,29;0,079;0,00090978;101,5463;2,113
312;2021;3;Peking;2019/3;3,414;38,683;122,258;73,66;30,31;2066;1,41;0,053938832;3,8;1,79;94,24;13,79;13,27;0,9;7,92;59,78;63,92;8,25;0,136;-0,00069839;99,5349;2,026
313;2021;3;Japan;2019/3;11,442;39,455;124,096;65,81;52,15;1785;0,22;0,031820552;6,8;1,51;87,93;32,67;218,93;0,89;6,94;23,86;56,16;6,19;0,184;0,0015424;100,3623;2,078
314;2021;3;Skorea;2019/3;-0,428;39,51;105,24;82,826;53,65;72;3,55;0,034032806;2,48;5,13;55,33;49,15;52,75;0,67;6,76;81,14;55,8;3,8;0;0,01331124;101,4518;1,909
315;2021;3;Phlppn;2019/3;11,534;42,393;234,95;87,486;81,55;430;2,7;0,020732212;3,83;1,46;71,7;16,69;66,15;0,75;5,96;36,96;66,56;3,76;0;0,00127922;100,4553;2,111
316;2021;4;Shangh;2019/4;15,492;76,716;239,419;75,331;61,69;308;1,44;0,017006749;6,6;1,49;78,46;34,24;68,29;0,84;6,75;67,28;57,53;8,95;0,228;0,00089811;101,6439;2,106
317;2021;4;Peking;2019/4;4,683;38,933;165,282;73,116;26,16;1406;1,42;0,052286887;3,24;2,09;94,9;12,16;14,78;0,94;6,86;58,98;65,63;8,62;0,114;-0,00068116;99,5288;2,14
318;2021;4;Japan;2019/4;6,825;40,888;158,32;61,479;38,88;1714;0,22;0,028507071;6,8;1,61;86,82;31,38;236,41;0,95;6,61;25,58;55,5;5,99;0,228;0,0014256;100,2868;2,126
319;2021;4;Skorea;2019/4;6,297;47,206;161,759;70,718;42,59;69;2,59;0,031749761;2,1;4,87;55,21;49,27;53,28;0,75;6,72;79,93;56,88;3,76;0,195;0,013346;101,4223;1,902
320;2021;4;Phlppn;2019/4;18,652;21,433;280,538;84,509;70,44;727;2,8;0,02174246;3,27;1,25;70,83;15,47;60,23;0,72;6,22;35,58;67,81;2,96;0;0,00130283;100,381;2,184
321;2021;5;Shangh;2019/5;15,998;54,612;270,3;60,848;56,36;298;1,34;0,015752321;5,27;1,64;79,38;35,52;66,59;0,86;5,92;66,47;59,49;8,69;0,428;0,00092383;101,5872;2,066
322;2021;5;Peking;2019/5;5,886;52,672;194,574;78,642;38,71;2000;1,63;0,05070522;3,46;2,34;94,97;10,78;11,97;0,96;7,26;58,7;64,5;8,93;0;-0,00071218;99,6927;2,099
323;2021;5;Japan;2019/5;11,681;48,977;240,384;56,665;44,39;2032;0,25;0,031571341;6,39;1,59;87,28;30,56;240,07;0,98;6,7;24,75;56,42;6,23;0,269;0,00145901;100,257;2,077
324;2021;5;Skorea;2019/5;17,794;49,841;253,331;63,728;56,47;68;3,07;0,034246578;2,81;4,83;54,41;51,1;53,49;0,76;6,55;80,7;57,99;3,34;0,054;0,01334666;101,5088;1,993
325;2021;5;Phlppn;2019/5;18,665;7,702;332,219;78,241;66,91;721;2,45;0,022624803;2,89;1,25;72,02;14,69;62,96;0,79;6,76;34,03;69,22;3,23;0;0,00123224;100,3086;2,023
326;2021;6;Shangh;2019/6;19,493;15,996;309,727;51,598;56,31;306;1,26;0,017103752;5,8;1,89;77,13;36,93;74,03;0,92;5,84;65,79;59,42;8,57;0,18;0,00089188;101,6245;2,077
327;2021;6;Peking;2019/6;11,53;61,178;201,705;78,601;27,01;2534;1,44;0,050302542;3,53;2,19;94,29;10,6;14,36;0,93;7,23;59,19;64,39;8,94;0,021;-0,00070766;99,6144;1,866
328;2021;6;Japan;2019/6;19,354;58,453;219,865;64,387;44,28;1710;0,2;0,031868781;5,85;1,65;86,86;30,18;231,38;0,87;6,02;24,63;56,91;6,34;0,113;0,00132947;100,335;1,894
329;2021;6;Skorea;2019/6;22,142;78,309;264,417;67,856;38;75;3,88;0,036108381;2,48;4,74;53,88;50,11;57,21;0,73;6,35;81,35;58,03;3,91;0;0,01337696;101,3108;1,88
330;2021;6;Phlppn;2019/6;18,247;2,9;382,646;75,11;70,23;584;3,21;0,021857487;3,35;1,49;73,19;15,86;67,27;0,72;6,28;34,23;68,07;3,16;0,24;0,0012389;100,3869;2,091
331;2021;7;Shangh;2019/7;26,326;4,444;389,693;50,887;53,12;341;1,52;0,016912451;6,55;1,94;76,81;37,83;61,93;0,74;6,56;65,51;60,32;8,51;0,401;0,00092555;101,5688;2,185
332;2021;7;Peking;2019/7;18,993;89,633;200,091;83,373;27,98;2007;1,5;0,053621348;3,86;2,1;93,76;10,53;13,85;0,98;6,55;59,73;64,87;8,35;0,125;-0,00071459;99,8207;1,971
333;2021;7;Japan;2019/7;21,559;50,003;221,789;61,727;43,69;1827;0,21;0,030388286;5,36;1,85;86,39;27,98;243,2;0,93;6,3;25,91;56,65;6,61;0,037;0,00131157;100,3114;1,684
334;2021;7;Skorea;2019/7;22,618;77,861;291,726;69,035;51,98;60;3,07;0,034750826;2,28;4,73;54,97;49,16;55,95;0,77;7,73;83,24;59;4,36;0,036;0,01341107;101,4395;2,051
335;2021;7;Phlppn;2019/7;25,449;0;390,119;68,411;61,98;617;2,81;0,020521375;3,09;1,51;73,17;15,55;66,01;0,63;6,85;35,31;69,27;3,33;0,122;0,00123219;100,4107;2,22
336;2021;8;Shangh;2019/8;24,905;5,345;326,851;50,763;60,9;301;1,35;0,016844014;6,74;2,08;77,05;39,2;59;0,87;6,9;66,59;60,08;8,58;0,213;0,00097677;101,4463;2,138
337;2021;8;Peking;2019/8;12,085;100,855;181,557;84,406;19,37;1933;1,66;0,054600458;3,63;2,32;94,26;10,6;12,8;0,98;6,83;61,11;62,6;9;0,222;-0,0007537;99,7882;1,9
338;2021;8;Japan;2019/8;21,139;54,456;189,027;62,077;50,94;1857;0,2;0,030434296;6,34;1,75;86,37;29,16;243,89;0,88;6,28;26,33;57,35;7,01;0;0,00136775;100,1685;1,846
339;2021;8;Skorea;2019/8;17,402;59,581;227,44;67,494;43;75;2,86;0,032970982;2,46;4,41;53,64;50,67;63,22;0,81;6,91;82,63;59,95;4,4;0,115;0,01338899;101,4944;2,137
340;2021;8;Phlppn;2019/8;26,497;7,766;346,578;68,713;72,53;684;2,68;0,022771311;2,67;1,85;73,19;13,94;68,6;0,71;6,77;34,11;68,24;3,56;0,158;0,00125322;100,4225;2,194
341;2021;9;Shangh;2019/9;26,617;29,475;248,688;60,815;56,58;271;1,34;0,017222286;6,68;2,2;75,83;39,69;68,05;0,91;5,97;65,43;61,18;9,01;0,171;0,0008749;101,5646;2,194
342;2021;9;Peking;2019/9;8,512;90,548;100,225;78,557;31,57;1675;1,54;0,059546487;2,68;2,22;93,64;10,82;13,79;0,98;6,37;62,02;61,26;9,05;0,008;-0,00072892;99,7748;1,903
343;2021;9;Japan;2019/9;15,933;41,81;161,778;63,749;54,78;1801;0,18;0,029612884;5,32;1,55;84,69;29,26;211,19;0,95;6,37;26,79;59,66;7,06;0,087;0,00141157;100,0309;2,003
344;2021;9;Skorea;2019/9;11,58;56,635;208,917;71,973;58,4;72;3,08;0,034211527;2,64;4,92;52,26;49,5;61,15;0,76;6,84;78,96;59,21;4,58;0,07;0,01340745;101,4527;2,097
345;2021;9;Phlppn;2019/9;27,579;39,082;250,046;80,605;69,84;690;2,82;0,021057596;3,22;1,63;72,63;14,04;74,48;0,63;6,49;33,55;69,44;4,02;0;0,00129209;100,4612;2,106
346;2021;10;Shangh;2019/10;18,498;78,653;257,631;58,284;62,18;323;1,59;0,016437276;6,02;2,37;74,62;38,13;64,83;0,92;6,98;66,75;60,52;9,07;0,236;0,00090716;101,5463;1,957
347;2021;10;Peking;2019/10;6,451;96,307;60,66;91,699;21,13;1696;1,4;0,055406271;3,52;1,94;93,88;10,68;12,68;0,98;6,98;61,43;58,91;9,3;0,189;-0,00069573;99,8395;1,919
348;2021;10;Japan;2019/10;6,259;38,514;103,134;82,393;50,06;1411;0,23;0,029332292;6,39;1,38;85,19;30,04;237,84;0,86;6,68;27,13;58,25;6,65;0,108;0,00141478;100,023;2,145
349;2021;10;Skorea;2019/10;6,504;41,712;133,798;78,516;50,44;67;3,74;0,035501182;2,1;4,88;51,98;50,94;52,23;0,72;6,78;80,32;59,53;5,3;0,003;0,01341427;101,451;2,201
350;2021;10;Phlppn;2019/10;23,332;66,191;234,199;85,491;79,58;707;2,59;0,021318401;3;1,77;72,74;15,16;69,29;0,7;7,27;33,44;70,52;3,6;0,005;0,00133443;100,4028;2,013
351;2021;11;Shangh;2019/11;13,129;109,114;144,586;70,078;50,18;364;1,21;0,017450564;6,45;2,28;74,84;37,26;70,06;0,92;6,99;66,79;60,37;9,5;0,152;0,00091999;101,4506;1,905
352;2021;11;Peking;2019/11;3,369;70,516;35,722;84,628;27,83;2211;1,63;0,050281194;3,59;1,89;93,7;10,16;14,65;0,98;6,97;63,07;58,81;9,5;0,05;-0,00070225;99,8215;2,079
353;2021;11;Japan;2019/11;3,982;45,932;49,402;80,414;41,86;1741;0,22;0,028897919;5,65;1,77;86,93;31,55;242,41;0,91;6,72;26,14;58,85;7,06;0,023;0,00131837;100,1087;2,093
354;2021;11;Skorea;2019/11;2,652;50,086;45,221;86,569;52,02;67;2,43;0,034344995;2,23;5,04;52,06;51,61;58,84;0,76;6,7;80,19;58,48;5,31;0;0,01346332;101,3208;2,08
355;2021;11;Phlppn;2019/11;15,358;82,371;189,888;79,59;84,27;600;2,6;0,022453552;3,49;1,47;72,42;15,53;63,87;0,71;6,51;33,56;71,44;3,63;0,141;0,0013553;100,5263;1,985
356;2021;12;Shangh;2019/12;10,11;129,526;127,847;86,433;58,46;331;1,42;0,017601743;6,8;2,11;76,34;37,82;62,6;0,91;6,58;66,78;59,84;9,5;0,35;0,00101799;101,5699;1,843
357;2021;12;Peking;2019/12;-0,615;94,283;7,928;72,905;32,05;2021;1,68;0,053206081;2,75;1,83;91,39;9,92;13,94;0,96;7,75;64,31;58,62;9,5;0;-0,00061697;99,7756;2,013
358;2021;12;Japan;2019/12;5,059;46,087;38,858;84,993;52,78;1830;0,25;0,0320123;6,27;1,48;86,43;30,92;222,44;0,98;6,74;25,55;59,11;7,12;0,123;0,0013349;100,1616;1,94
359;2021;12;Skorea;2019/12;-1,795;46,432;32,576;86,541;51,49;74;3,23;0,034659642;2,17;5,17;52,19;52,34;56,38;0,69;6,48;81,56;58,87;5,75;0,13;0,01348149;101,1389;1,979
360;2021;12;Phlppn;2019/12;9,435;113,536;163,857;80,598;78,44;705;2,23;0,023656571;2,75;1,6;72,56;16,87;67,14;0,69;6,78;32,23;72,01;4,03;0,081;0,0013702;100,5289;1,948
